topic,input_mode,degora_method,degora_recall_at_10,degora_recall_at_50,degora_recall_at_100,degora_recall_at_100_ci_low,degora_recall_at_100_ci_high,degora_precision_at_100,degora_hypergeom_fdr_at_100,best_non_degora_method,best_non_degora_recall_at_10,best_non_degora_recall_at_50,best_non_degora_recall_at_100,best_non_degora_recall_at_100_ci_low,best_non_degora_recall_at_100_ci_high,best_non_degora_precision_at_100,best_non_degora_hypergeom_fdr_at_100,degora_top10
IFN,RNA-seq,degora_quality_weighted_score/quality_weighted_secondary,0.2857142857142857,0.8214285714285714,0.9285714285714286,0.7649652268254805,0.9912295032964727,0.26,2.26389463830383e-51,weighted_stouffer/default,0.1785714285714285,0.7857142857142857,0.9285714285714286,0.7649652268254805,0.9912295032964727,0.26,2.26389463830383e-51,RSAD2;CMPK2;MX1;TAP1;IFIT1;IFIT3;DDX60;OASL;IFIH1;OAS1
ER stress,RNA-seq + microarray,degora_quality_weighted_score/quality_weighted_secondary,0.25,0.59375,0.78125,0.6002717362878924,0.9072284677154652,0.25,1.089785108368915e-48,weighted_stouffer/default,0.15625,0.5625,0.75,0.5659506250777215,0.8853839948973963,0.24,2.533774481512146e-46,DDIT3;HSPA5;HERPUD1;HYOU1;TRIB3;PDIA4;SEL1L;SLC6A9;MANF;CCPG1
Heat shock,RNA-seq,degora_quality_weighted_score/quality_weighted_secondary,0.3076923076923077,0.5769230769230769,0.7307692307692307,0.5221252103066468,0.884267786708496,0.19,7.652962181726839e-36,unweighted_stouffer/default,0.2307692307692307,0.5384615384615384,0.5769230769230769,0.3691803809239659,0.7664780168725566,0.15,2.4956757357015562e-26,HSPA6;HSPA1A;HSPA1B;DNAJB1;BAG3;HSPA1L;HSPH1;FOS;DNAJB4;MICB
Hypoxia,RNA-seq,degora_quality_weighted_score/quality_weighted_secondary,0.2121212121212121,0.7575757575757576,0.8484848484848485,0.6810101802895632,0.9489113006439192,0.28,3.4393568124088104e-67,unweighted_stouffer/default,0.2727272727272727,0.8181818181818182,0.8484848484848485,0.6810101802895632,0.9489113006439192,0.28,3.4393568124088104e-67,EGLN3;NDRG1;ANGPTL4;PFKFB4;TMEM45A;AK4;ANKRD37;HK2;ADM;VEGFA
